username,password
Quinlan,5210
Davis,5783
Montana,3134
Quintessa,8790
Camden,4837
Megan,6837
Liberty,5564
Zelda,8610
Mara,9820
Steven,5998
Rhiannon,3545
Julian,7520
Anika,8944
Justine,9156
Lionel,4527
Yoshi,4237
Brian,7263
Leila,8308
Piper,2914
Yen,3932
Amber,9274
Rhonda,6818
Lamar,6478
Nolan,4611
Ulla,3610
Ginger,6723
Geraldine,5725
Dominic,7914
Paula,8403
Hashim,7658
Demetria,2132
Wang,7829
Tyler,4453
Kim,7134
Edward,1871
Russell,3039
Malachi,5226
Barrett,2891
Harriet,6877
Portia,8105
Raya,3006
Reed,1745
Penelope,4844
Whilemina,6551
Fay,9208
Shad,4903
Pandora,2598
Abbot,3545
Ciaran,2336
Nehru,8209
Logan,9622
Vernon,1422
Gavin,9632
Dana,5425
Ashton,1128
Mark,4608
Akeem,7908
Richard,2816
Colby,2427
Yasir,9460
Octavia,6792
Noel,3409
Michael,3341
Joel,3447
Stacy,9140
Mason,6588
Kelsey,3801
Daria,3036
Joy,1306
Xantha,8532
Lael,4088
Ursa,5331
Hayes,5297
Neve,4972
Bradley,6463
Sonya,7745
Adam,5910
Alfonso,8611
Jin,4199
Jared,2126
Constance,6624
Myra,2262
Emerald,5253
Remedios,2766
Shannon,2704
Steel,2034
Xena,7153
Ann,3068
Hadassah,3371
Xavier,8313
Hall,5494
Conan,3708
Buffy,5225
Chava,2094